{
  "trial": 250,
  "best_score": 4.884626924276298,
  "best_params": {
    "epsilon": 1.0,
    "routing_intensity": 0.5075571434847799,
    "communication_budget": 1.1635640849799713,
    "smoothing_strength": 0.5443271180048982,
    "adaptive_sensitivity": 0.4332424750365049
  },
  "timestamp": "2025-11-21 19:59:31"
}