{
  "trial": 10,
  "best_score": 3.766966669515687,
  "best_params": {
    "epsilon": 1.0,
    "routing_intensity": 0.6055217389900577,
    "communication_budget": 0.9286599484524936,
    "smoothing_strength": 0.43372581489594164,
    "adaptive_sensitivity": 0.3920878237536476
  },
  "timestamp": "2025-11-22 16:31:19"
}