{
  "trial": 90,
  "best_score": 3.7603425990363033,
  "best_params": {
    "epsilon": 1.0,
    "routing_intensity": 0.466602116265206,
    "communication_budget": 1.0450003086495652,
    "smoothing_strength": 0.4604138907516757,
    "adaptive_sensitivity": 0.41769936472692226
  },
  "timestamp": "2025-11-22 16:34:26"
}