method,rmse_mean,rmse_std,rmse_last,bytes_mean,time_s_mean
sa_htd_paper,3.194573008885519,1.210149068111797,3.1640097859342573,1086.912924638813,0.0013018539140237
fed_sense,3.8653623439064777,3.53727248689764,1.767767400937535,722.4740335806325,0.0056526129341646
dplp,4.140251707262816,3.4541146047024296,3.158815195828738,1123.2799687622023,0.0023700682955236
eptd,9.672857620984663,2.470189697677539,10.565755214996877,430.0903292984512,0.0026729543212489
ud_ldp,8.840164258075317,3.3978038804582305,6.991503781485795,1630.3693869582194,0.0033402512754047
random,4.105113339228673,3.512408790832709,2.5260492076976497,791.8531823506443,0.0021378340144556
etbp_td,7.99088202995396,2.166810567112686,8.680231472564719,1630.3693869582194,0.004842875200247
