{
  "trial": 10,
  "best_score": 89.63002410578436,
  "best_params": {
    "epsilon": 0.5,
    "routing_intensity": 0.32445942854567017,
    "communication_budget": 1.1632164232699662,
    "smoothing_strength": 0.5545101570589958,
    "adaptive_sensitivity": 0.6552257963987802
  },
  "timestamp": "2025-11-21 17:14:40"
}