{
  "trial": 20,
  "best_score": 89.60777139014108,
  "best_params": {
    "epsilon": 0.5,
    "routing_intensity": 0.6248300288348687,
    "communication_budget": 1.206145741873844,
    "smoothing_strength": 0.7072481191647321,
    "adaptive_sensitivity": 0.5461075073386977
  },
  "timestamp": "2025-11-21 17:14:41"
}