method,suite_idx,epsilon,rho,mal_rate,rounds,rmse_last,rmse_mean,rmse_std,var_mean,resid_var_mean,bytes_mean,enc_ops_mean,time_s_mean
sa_htd_paper,8,4.0,0.2,0.1,7683,2.855258421490845,2.9508444227792903,1.2320849646232066,13.61620417376167,6.879601573501093,1086.912924638813,67.9320577899258,0.0011103230188030386
fed_sense,8,4.0,0.2,0.1,7683,2.5766363947218793,3.8760408810079845,3.5346234589285928,9.629616773340683,8.585013818339132,709.4447481452557,59.12039567877132,0.004828010082679321
dplp,8,4.0,0.2,0.1,7683,2.5427107250432512,3.8513223003323804,3.5210810215007937,10.684879087213547,8.404288388444046,1123.2799687622023,0.0,0.002584710494158992
eptd,8,4.0,0.2,0.1,7683,10.56575394887428,9.672857617181574,2.4701898561057942,22.161928809952048,27.99215667312551,430.09032929845114,0.0,0.0028789893702326165
ud_ldp,8,4.0,0.2,0.1,7683,6.991503781485795,8.840164258075323,3.3978038804582344,24.011038918519617,41.27385736530696,1630.3693869582194,0.0,0.0033241400072603474
random,8,4.0,0.2,0.1,7683,2.5260492076976497,4.105113339228673,3.512408790832709,12.308510084232518,10.136063592903994,791.8531823506443,0.0,0.002022779315271741
etbp_td,8,4.0,0.2,0.1,7683,8.680231472564719,7.99088202995396,2.166810567112686,40.56890240738448,32.834677398252744,1630.3693869582194,203.79617336977742,0.0032082527515153686