method,suite_idx,epsilon,rho,mal_rate,rounds,rmse_last,rmse_mean,rmse_std,var_mean,resid_var_mean,bytes_mean,enc_ops_mean,time_s_mean
sa_htd_paper,1,0.5,0.2,0.1,7683,1.9176195450308433,3.0210305937469806,2.5296358767237344,8.476850703021839,5.846580521292935,286.300924118183,67.9320577899258,0.0024245633722732546
