{
  "trial": 260,
  "best_score": 17.144881373221896,
  "best_params": {
    "epsilon": 1.0,
    "routing_intensity": 0.6464856645782686,
    "communication_budget": 1.2726203211230438,
    "smoothing_strength": 0.6448620922899911,
    "adaptive_sensitivity": 0.5150801064867444
  },
  "timestamp": "2025-11-21 20:48:20"
}