{
  "trial": 110,
  "best_score": 8.856355824150903,
  "best_params": {
    "epsilon": 1.0,
    "routing_intensity": 0.5018637199599271,
    "communication_budget": 0.9527432399762111,
    "smoothing_strength": 0.6315972953672507,
    "adaptive_sensitivity": 0.45491842798885335
  },
  "timestamp": "2025-11-21 19:54:08"
}