{
  "trial": 280,
  "best_score": 8.837645826694937,
  "best_params": {
    "epsilon": 1.0,
    "routing_intensity": 0.53085348009006,
    "communication_budget": 0.9548552972612211,
    "smoothing_strength": 0.6166490596049274,
    "adaptive_sensitivity": 0.44838573051697966
  },
  "timestamp": "2025-11-21 19:54:26"
}