{
  "trial": 10,
  "best_score": 8.87802247232273,
  "best_params": {
    "epsilon": 1.0,
    "routing_intensity": 0.6055217389900577,
    "communication_budget": 0.9286599484524936,
    "smoothing_strength": 0.43372581489594164,
    "adaptive_sensitivity": 0.3920878237536476
  },
  "timestamp": "2025-11-21 19:53:57"
}