method,rmse_mean,rmse_std,rmse_last,bytes_mean,time_s_mean
sa_htd_paper,3.060441967079565,1.2419353189148952,2.9600267342977906,1086.912924638813,0.0015681569160124
fed_sense,3.8797263478677024,3.532669843174622,2.5766363947218798,729.2432643498634,0.0072271139628251
dplp,3.927257002192557,3.499910354341009,2.758231710159593,1123.2799687622023,0.0023846315651779
eptd,9.672857667281,2.4701896170083746,10.565754328710616,430.0903292984512,0.0027200806099006
ud_ldp,8.840164258075323,3.397803880458233,6.991503781485795,1630.3693869582194,0.0030890445791152
random,4.105113339228673,3.512408790832709,2.5260492076976497,791.8531823506443,0.002017680918753
etbp_td,7.99088202995396,2.166810567112686,8.680231472564719,1630.3693869582194,0.0048647810359896
