method,suite_idx,epsilon,rho,mal_rate,rounds,rmse_last,rmse_mean,rmse_std,var_mean,resid_var_mean,bytes_mean,enc_ops_mean,time_s_mean
sa_htd_paper,5,1.0,0.25,0.3,17379,7.914118303560315,71.26215990695536,95.1165613098772,9441.149011436386,7171.567822120185,127.62673341389032,6.0,0.0010254152062998466
